embB_G406C	['EMB']	SRR21159873
embB_G406S	['EMB']	SRR21159871
embB_G406S	['EMB']	SRR21159874
embB_G406S	['EMB']	SRR21159875
embB_M306I	['EMB']	SRR21159878
embB_M306I	['EMB']	SRR21159879
embB_M306V	['EMB']	SRR21159838
embB_M306V	['EMB']	SRR21159870
embB_M306V	['EMB']	SRR21159872
gyrA_A90V	['MXF', 'LEV']	SRR21159871
gyrA_A90V	['MXF', 'LEV']	SRR21159872
gyrA_D94G	['MXF', 'LEV']	SRR21159802
gyrA_D94G	['MXF', 'LEV']	SRR21159870
gyrA_D94G	['MXF', 'LEV']	SRR21159873
gyrA_D94N	['MXF', 'LEV']	SRR21159874
gyrA_D94N	['MXF', 'LEV']	SRR21159875
katG_S315N	['INH']	SRR21159864
katG_S315N	['INH']	SRR21159865
katG_S315T	['INH']	SRR21159806
katG_S315T	['INH']	SRR21159811
katG_S315T	['INH']	SRR21159823
katG_S315T	['INH']	SRR21159845
katG_S315T	['INH']	SRR21159858
katG_S315T	['INH']	SRR21159866
katG_S315T	['INH']	SRR21159867
katG_S315T	['INH']	SRR21159868
katG_S315T	['INH']	SRR21159870
katG_S315T	['INH']	SRR21159871
katG_S315T	['INH']	SRR21159872
katG_S315T	['INH']	SRR21159873
katG_S315T	['INH']	SRR21159874
katG_S315T	['INH']	SRR21159875
katG_S315T	['INH']	SRR21159878
katG_S315T	['INH']	SRR21159879
pncA_V139G	['PZA']	SRR21159878
pncA_V139G	['PZA']	SRR21159879
rpoB_D435V	['RIF']	SRR21159872
rpoB_H445D	['RIF']	SRR21159864
rpoB_H445D	['RIF']	SRR21159865
rpoB_H445N	['RIF']	SRR21159878
rpoB_H445N	['RIF']	SRR21159879
rpoB_H445R	['RIF']	SRR21159864
rpoB_H445R	['RIF']	SRR21159865
rpoB_I491F	['RIF']	SRR21159876
rpoB_S450L	['RIF']	SRR21159869
rpoB_S450L	['RIF']	SRR21159870
rpoB_S450L	['RIF']	SRR21159871
rpoB_S450L	['RIF']	SRR21159873
rpoB_S450L	['RIF']	SRR21159874
rpoB_S450L	['RIF']	SRR21159875
rpoB_S450L	['RIF']	SRR21159877
rpsL_K43R	['STM']	SRR21159811
rpsL_K43R	['STM']	SRR21159823
rpsL_K43R	['STM']	SRR21159858
rpsL_K43R	['STM']	SRR21159867
rpsL_K43R	['STM']	SRR21159868
rpsL_K43R	['STM']	SRR21159869
rpsL_K43R	['STM']	SRR21159873
rpsL_K43R	['STM']	SRR21159874
rpsL_K43R	['STM']	SRR21159875
rpsL_K43R	['STM']	SRR21159877
rpsL_K88R	['STM']	SRR21159872
rpsL_K88R	['STM']	SRR21159876
