rpoB_H445Y	['RIF']	SRR12355209

embB_M306L	['EMB']	SRR12355209

rpoB_L430P	['RIF']	SRR12355008

gyrA_A90V	['MXF', 'LEV']	SRR12354959

rpoB_S450L	['RIF']	SRR12354959

rpsL_K43R	['STM']	SRR12354959

katG_S315T	['INH']	SRR12354959

pncA_V155G	['PZA']	SRR12354959

embB_M306V	['EMB']	SRR12354959

rpoB_S450L	['RIF']	SRR12355197

rpsL_K43R	['STM']	SRR12355197

katG_S315T	['INH']	SRR12355197

embB_G406A	['EMB']	SRR12355197

rpoB_H445L	['RIF']	SRR12355137

rpsL_K43R	['STM']	SRR12355137

katG_S315T	['INH']	SRR12355137

rpoB_D435V	['RIF']	SRR12355232

katG_S315T	['INH']	SRR12355232

pncA_Q10R	['PZA']	SRR12355232

embB_Y319S	['EMB']	SRR12355232

rpoB_S450L	['RIF']	SRR12355022

rpsL_K43R	['STM']	SRR12355022

katG_S315T	['INH']	SRR12354880

embB_M306V	['EMB']	SRR12354880

rpoB_H445D	['RIF']	SRR12354899

katG_S315T	['INH']	SRR12354899

pncA_I31S	['PZA']	SRR12354899

rpoB_S450L	['RIF']	SRR12354937

katG_S315T	['INH']	SRR12354937

rpsL_K43R	['STM']	SRR12354878

katG_S315T	['INH']	SRR12354878

embB_M306V	['EMB']	SRR12354878

rpoB_D435V	['RIF']	SRR12354866

katG_S315T	['INH']	SRR12354866

rpoB_L452P	['RIF']	SRR12354833

rpsL_K43R	['STM']	SRR12354833

katG_S315T	['INH']	SRR12354833

rpoB_S450W	['RIF']	SRR12355135

rpsL_K43R	['STM']	SRR12355135

katG_S315T	['INH']	SRR12355135

pncA_I133T	['PZA']	SRR12355135

embB_M306V	['EMB']	SRR12355135

rpoB_H445Y	['RIF']	SRR12354942

gyrA_D94G	['MXF', 'LEV']	SRR12355163

rpoB_S450L	['RIF']	SRR12355163

rpsL_K43R	['STM']	SRR12355163

katG_S315T	['INH']	SRR12355163

embB_M306V	['EMB']	SRR12355163

rpoB_S450L	['RIF']	SRR12354886

katG_S315T	['INH']	SRR12354886

embB_M306V	['EMB']	SRR12354886

rpoB_S450L	['RIF']	SRR12355144

pncA_L172P	['PZA']	SRR12355144

rpoB_S450L	['RIF']	SRR12354887

rpsL_K43R	['STM']	SRR12354887

katG_S315T	['INH']	SRR12354887

pncA_H57D	['PZA']	SRR12354981

rpoB_S450L	['RIF']	SRR12355035

katG_S315T	['INH']	SRR12355035

rpoB_S450L	['RIF']	SRR12355170

tlyA_N236K	['CAP']	SRR12355170

katG_S315T	['INH']	SRR12355170

embB_M306I	['EMB']	SRR12355170

rpoB_S450L	['RIF']	SRR12355141

katG_S315T	['INH']	SRR12355141

pncA_H71Y	['PZA']	SRR12355141

embB_Q497R	['EMB']	SRR12355141

rpoB_V170F	['RIF']	SRR12354890

rpsL_K43R	['STM']	SRR12354890

rpoB_S450L	['RIF']	SRR12355193

rpoB_S450L	['RIF']	SRR12355211

katG_S315T	['INH']	SRR12355211

embB_M306V	['EMB']	SRR12355211

rpoB_L452P	['RIF']	SRR12355046

rpoB_S450L	['RIF']	SRR12355189

rpsL_K43R	['STM']	SRR12355189

katG_S315T	['INH']	SRR12355189

pncA_S59P	['PZA']	SRR12355189

embB_M306V	['EMB']	SRR12355189

rpoB_D435Y	['RIF']	SRR12355172

rpsL_K43R	['STM']	SRR12355172

katG_S315T	['INH']	SRR12355172

rpoB_L452P	['RIF']	SRR12354938

katG_S315T	['INH']	SRR12354938

embB_M306V	['EMB']	SRR12354938

rpoB_S450L	['RIF']	SRR12354836

katG_S315T	['INH']	SRR12354836

embB_M306V	['EMB']	SRR12354836

embB_M306V	['EMB']	SRR12354874

rpoB_S450L	['RIF']	SRR12355130

katG_S315T	['INH']	SRR12355130

embB_M306I	['EMB']	SRR12355130

rpoB_S450L	['RIF']	SRR12355196

rpsL_K43R	['STM']	SRR12355196

katG_S315T	['INH']	SRR12355196

pncA_L182S	['PZA']	SRR12355196

embB_M306V	['EMB']	SRR12355196

gyrA_D94N	['MXF', 'LEV']	SRR12355149

rpoB_D435V	['RIF']	SRR12355149

katG_S315T	['INH']	SRR12355149

pncA_V139G	['PZA']	SRR12355149

embB_M306V	['EMB']	SRR12355149

rpoB_S450L	['RIF']	SRR12355161

rpsL_K43R	['STM']	SRR12355161

katG_S315T	['INH']	SRR12355161

rpoB_S450L	['RIF']	SRR12354877

katG_S315T	['INH']	SRR12354877

embB_Q497R	['EMB']	SRR12354877

rpoB_H445R	['RIF']	SRR12355164

embB_Q497R	['EMB']	SRR12355164

gyrA_D94G	['MXF', 'LEV']	SRR12355025

rpoB_S450L	['RIF']	SRR12355025

rpsL_K43R	['STM']	SRR12355025

katG_S315T	['INH']	SRR12355025

pncA_H57R	['PZA']	SRR12355025

embB_M306V	['EMB']	SRR12355025

gyrA_D94G	['MXF', 'LEV']	SRR12355153

rpoB_S450L	['RIF']	SRR12355153

rpsL_K43R	['STM']	SRR12355153

katG_S315T	['INH']	SRR12355153

pncA_K96T	['PZA']	SRR12355153

embB_G406A	['EMB']	SRR12355153

embB_Q497R	['EMB']	SRR12354910

rpoB_S450L	['RIF']	SRR12355019

katG_S315T	['INH']	SRR12355019

pncA_A134V	['PZA']	SRR12355019

rpoB_V170F	['RIF']	SRR12355257

pncA_T76P	['PZA']	SRR12355257

rpoB_S450L	['RIF']	SRR12354882

rpoB_S450L	['RIF']	SRR12355131

rpsL_K43R	['STM']	SRR12355131

katG_S315T	['INH']	SRR12355131

embB_G406D	['EMB']	SRR12355131

rpoB_S450L	['RIF']	SRR12354934

katG_S315T	['INH']	SRR12354934

embB_M306V	['EMB']	SRR12354934

pncA_H57D	['PZA']	SRR12355174

rpoB_H445D	['RIF']	SRR12355090

gyrA_D94G	['MXF', 'LEV']	SRR12355126

rpoB_S450L	['RIF']	SRR12355126

rpsL_K43R	['STM']	SRR12355126

katG_S315T	['INH']	SRR12355126

pncA_H57R	['PZA']	SRR12355126

embB_M306V	['EMB']	SRR12355126

rpsL_K43R	['STM']	SRR12354893

katG_S315T	['INH']	SRR12354893

embB_M306I	['EMB']	SRR12354893

gyrA_D94G	['MXF', 'LEV']	SRR12355128

rpoB_S450L	['RIF']	SRR12355128

rpsL_K43R	['STM']	SRR12355128

katG_S315T	['INH']	SRR12355128

pncA_H57R	['PZA']	SRR12355128

embB_M306V	['EMB']	SRR12355128

rpoB_S450L	['RIF']	SRR12354991

rpsL_K88R	['STM']	SRR12354991

katG_S315T	['INH']	SRR12354991

embB_M306I	['EMB']	SRR12354991

rpoB_H445Y	['RIF']	SRR12354834

rpoB_S450L	['RIF']	SRR12354931

katG_S315T	['INH']	SRR12354931

embB_M306V	['EMB']	SRR12354931

rpoB_S450L	['RIF']	SRR12354935

embB_M306V	['EMB']	SRR12354935

rpoB_S450L	['RIF']	SRR12355252

rpoB_S450L	['RIF']	SRR12355016

katG_S315T	['INH']	SRR12355016

rpoB_S450L	['RIF']	SRR12355159

rpsL_K43R	['STM']	SRR12355159

katG_S315T	['INH']	SRR12355205

embB_Q497R	['EMB']	SRR12355205

gyrA_D94A	['MXF', 'LEV']	SRR12354849

rpoB_S450L	['RIF']	SRR12354849

rpsL_K43R	['STM']	SRR12354849

katG_S315T	['INH']	SRR12354849

rpoB_H445N	['RIF']	SRR12355207

katG_S315T	['INH']	SRR12355207

rpoB_H445L	['RIF']	SRR12355154

katG_S315T	['INH']	SRR12355154

rpsL_K88R	['STM']	SRR12354855

katG_S315T	['INH']	SRR12354855

embB_G406C	['EMB']	SRR12354855

rpoB_S450L	['RIF']	SRR12354871

rpoB_D435V	['RIF']	SRR12355136

rpsL_K43R	['STM']	SRR12355136

katG_S315T	['INH']	SRR12355136

embB_M306I	['EMB']	SRR12355136

rpsL_K43R	['STM']	SRR12355216

katG_S315T	['INH']	SRR12355216

rpoB_S450L	['RIF']	SRR12355181

rpsL_K43R	['STM']	SRR12355181

katG_S315T	['INH']	SRR12355181

rpoB_S450L	['RIF']	SRR12355195

rpsL_K43R	['STM']	SRR12355195

katG_S315T	['INH']	SRR12355195

embB_M306V	['EMB']	SRR12355195

katG_S315N	['INH']	SRR12355235

pncA_D8G	['PZA']	SRR12355235

embB_M306I	['EMB']	SRR12355235

gyrA_D94G	['MXF', 'LEV']	SRR12355201

gyrA_S91P	['MXF', 'LEV']	SRR12355132

rpoB_S450L	['RIF']	SRR12355132

rpsL_K43R	['STM']	SRR12355132

katG_S315T	['INH']	SRR12355132

pncA_D8G	['PZA']	SRR12355132

embB_M306I	['EMB']	SRR12355132

rpoB_S450L	['RIF']	SRR12354864

katG_S315T	['INH']	SRR12354864

embB_M306V	['EMB']	SRR12354864

rpsL_K88R	['STM']	SRR12355057

katG_S315T	['INH']	SRR12355057

rpoB_S450L	['RIF']	SRR12354955

katG_S315T	['INH']	SRR12354955

embB_M306V	['EMB']	SRR12354955

rpoB_S450L	['RIF']	SRR12355237

embB_M306V	['EMB']	SRR12355237

rpsL_K88R	['STM']	SRR12355072

rpoB_S450L	['RIF']	SRR12354936

katG_S315T	['INH']	SRR12354936

embB_M306V	['EMB']	SRR12354936

gyrA_D94G	['MXF', 'LEV']	SRR12355138

rpoB_S450L	['RIF']	SRR12355138

rpsL_K43R	['STM']	SRR12355138

katG_S315T	['INH']	SRR12355138

pncA_H57R	['PZA']	SRR12355138

embB_M306V	['EMB']	SRR12355138

rpoB_S450L	['RIF']	SRR12354914

rpoB_S450L	['RIF']	SRR12355192

rpsL_K88R	['STM']	SRR12355192

katG_S315T	['INH']	SRR12355192

embB_M306V	['EMB']	SRR12355192

rpoB_H445L	['RIF']	SRR12355140

katG_S315T	['INH']	SRR12355140

embB_Q497R	['EMB']	SRR12355140

gyrA_D94A	['MXF', 'LEV']	SRR12354867

rpoB_S450L	['RIF']	SRR12354867

embB_M306I	['EMB']	SRR12354867

rpsL_K88R	['STM']	SRR12355049

rpoB_S450L	['RIF']	SRR12355023

rpsL_K43R	['STM']	SRR12355023

katG_S315T	['INH']	SRR12355023

pncA_V7G	['PZA']	SRR12355023

embB_M306V	['EMB']	SRR12355023

embB_G406D	['EMB']	SRR12354861

rpoB_S450L	['RIF']	SRR12355238

rpsL_K88R	['STM']	SRR12355238

katG_S315T	['INH']	SRR12355238

pncA_T76P	['PZA']	SRR12355238

embB_D328Y	['EMB']	SRR12355238

rpoB_S450L	['RIF']	SRR12354846

katG_S315T	['INH']	SRR12354846

gyrA_A90V	['MXF', 'LEV']	SRR12355160

rpoB_D435V	['RIF']	SRR12355160

katG_S315T	['INH']	SRR12355160

embB_M306I	['EMB']	SRR12355160

rpoB_S450L	['RIF']	SRR12355167

rpsL_K43R	['STM']	SRR12355167

katG_S315T	['INH']	SRR12355167

pncA_V139G	['PZA']	SRR12355167

embB_Q497R	['EMB']	SRR12355167

rpoB_D435V	['RIF']	SRR12354916

rpoB_S450L	['RIF']	SRR12355017

katG_S315T	['INH']	SRR12355017

rpoB_S450L	['RIF']	SRR12355184

rpsL_K43R	['STM']	SRR12355184

embB_M306V	['EMB']	SRR12355184

rpoB_S450L	['RIF']	SRR12355256

rpoB_H445Y	['RIF']	SRR12355124

rpsL_K43R	['STM']	SRR12355124

katG_S315T	['INH']	SRR12355124

embB_M306I	['EMB']	SRR12355124

rpoB_S450W	['RIF']	SRR12355244

katG_S315T	['INH']	SRR12355244

rpoB_S450L	['RIF']	SRR12354842

katG_S315N	['INH']	SRR12354842

embB_M306I	['EMB']	SRR12354842

katG_S315T	['INH']	SRR12355243

gid_A134E	['STM']	SRR12355243

gyrA_D94G	['MXF', 'LEV']	SRR12355199

rpoB_H445Y	['RIF']	SRR12354927

katG_S315T	['INH']	SRR12354927

embB_Q497R	['EMB']	SRR12354927

katG_S315T	['INH']	SRR12354919

rpsL_K43R	['STM']	SRR12354949

katG_S315T	['INH']	SRR12354949

rpoB_H445D	['RIF']	SRR12355191

rpsL_K43R	['STM']	SRR12355191

katG_S315T	['INH']	SRR12355191

embB_M306I	['EMB']	SRR12355191

rpoB_H445N	['RIF']	SRR12355101

rpoB_H445R	['RIF']	SRR12355101

rpoB_H445D	['RIF']	SRR12355015

katG_S315T	['INH']	SRR12355015

rpoB_D435V	['RIF']	SRR12354875

rpoB_S450L	['RIF']	SRR12355168

katG_S315T	['INH']	SRR12355168

pncA_T135P	['PZA']	SRR12355168

embB_M306I	['EMB']	SRR12355168

katG_S315T	['INH']	SRR12354917

embB_Q497R	['EMB']	SRR12354917

rpoB_S450L	['RIF']	SRR12354915

embB_G406S	['EMB']	SRR12354915

gid_A134E	['STM']	SRR12354915

rpoB_S450L	['RIF']	SRR12355125

rpsL_K43R	['STM']	SRR12355125

katG_S315T	['INH']	SRR12355125

embB_M306I	['EMB']	SRR12355125

embB_M306I	['EMB']	SRR12354940

rpoB_S450L	['RIF']	SRR12355171

rpsL_K43R	['STM']	SRR12355171

katG_S315T	['INH']	SRR12355171

pncA_S67P	['PZA']	SRR12355171

rpsL_K43R	['STM']	SRR12354951

katG_S315T	['INH']	SRR12354951

rpoB_H445R	['RIF']	SRR12354896

katG_S315T	['INH']	SRR12354896

embB_M306V	['EMB']	SRR12354896

rpsL_K88R	['STM']	SRR12355206

rpoB_I491F	['RIF']	SRR12354838

rpoB_D435V	['RIF']	SRR12355240

katG_S315T	['INH']	SRR12355240

embB_G406S	['EMB']	SRR12355240

rpoB_S450L	['RIF']	SRR12354945

katG_S315T	['INH']	SRR12354945

embB_M306V	['EMB']	SRR12354945

gyrA_D94G	['MXF', 'LEV']	SRR12355129

rpoB_S450L	['RIF']	SRR12355129

rpsL_K43R	['STM']	SRR12355129

pncA_L120P	['PZA']	SRR12355129

embB_M306V	['EMB']	SRR12355129

pncA_T76P	['PZA']	SRR12354909

embB_G406D	['EMB']	SRR12354909

rpoB_H445R	['RIF']	SRR12354889

rpsL_K43R	['STM']	SRR12354889

embB_M306V	['EMB']	SRR12354889

rpoB_S450L	['RIF']	SRR12354902

katG_S315T	['INH']	SRR12354902

embB_G406D	['EMB']	SRR12354902

rpoB_S450L	['RIF']	SRR12354841

rpsL_K43R	['STM']	SRR12354841

rpsL_K43R	['STM']	SRR12354905

rpoB_S450L	['RIF']	SRR12354946

katG_S315T	['INH']	SRR12354946

embB_M306V	['EMB']	SRR12354946

rpoB_S450L	['RIF']	SRR12354954

katG_S315T	['INH']	SRR12354954

embB_M306V	['EMB']	SRR12354954

rpsL_K43R	['STM']	SRR12355242

pncA_H57D	['PZA']	SRR12354963

rpsL_K88R	['STM']	SRR12355246

rpsL_K43R	['STM']	SRR12354956

katG_S315T	['INH']	SRR12354868

embB_M306I	['EMB']	SRR12354868

rpoB_S450L	['RIF']	SRR12355194

katG_S315T	['INH']	SRR12355194

pncA_L120P	['PZA']	SRR12355194

rpoB_S450L	['RIF']	SRR12354912

rpoB_D435V	['RIF']	SRR12355151

rpoB_H445R	['RIF']	SRR12354930

katG_S315N	['INH']	SRR12354930

embB_D354A	['EMB']	SRR12354930

katG_S315T	['INH']	SRR12354920

rpoB_D435V	['RIF']	SRR12355152

katG_S315T	['INH']	SRR12355152

rpoB_S450L	['RIF']	SRR12355142

rpsL_K43R	['STM']	SRR12355142

katG_S315T	['INH']	SRR12355142

embB_G406D	['EMB']	SRR12355142

gyrA_A90V	['MXF', 'LEV']	SRR12355079

rpoB_H445D	['RIF']	SRR12355079

katG_S315T	['INH']	SRR12355079

embB_M306V	['EMB']	SRR12355079

rpoB_D435Y	['RIF']	SRR12354907

pncA_P54L	['PZA']	SRR12354907

rpoB_D435V	['RIF']	SRR12354844

katG_S315T	['INH']	SRR12354844

pncA_T76P	['PZA']	SRR12354844

embB_M306I	['EMB']	SRR12354844

rpoB_S450L	['RIF']	SRR12354933

katG_S315T	['INH']	SRR12354933

embB_M306V	['EMB']	SRR12354933

rpoB_S450L	['RIF']	SRR12355020

rpsL_K43R	['STM']	SRR12355020

katG_S315T	['INH']	SRR12355020

embB_M306V	['EMB']	SRR12355020

rpoB_S450L	['RIF']	SRR12355123

rpsL_K43R	['STM']	SRR12355123

katG_S315T	['INH']	SRR12355123

katG_S315T	['INH']	SRR12354851

katG_S315T	['INH']	SRR12355068

embB_M306V	['EMB']	SRR12355068

gyrA_A90V	['MXF', 'LEV']	SRR12355203

rpsL_K43R	['STM']	SRR12354958

rpoB_S450L	['RIF']	SRR12355234

rpsL_K88R	['STM']	SRR12355234

katG_S315T	['INH']	SRR12355234

pncA_T76P	['PZA']	SRR12355234

embB_D328Y	['EMB']	SRR12355234

gyrA_D94G	['MXF', 'LEV']	SRR12355187

rpoB_D435V	['RIF']	SRR12355187

katG_S315T	['INH']	SRR12355187

embB_M306I	['EMB']	SRR12355187

rpoB_S450L	['RIF']	SRR12355145

rpsL_K43R	['STM']	SRR12355145

katG_S315T	['INH']	SRR12355145

pncA_H57Y	['PZA']	SRR12355145

rpoB_S450L	['RIF']	SRR12355260

katG_S315T	['INH']	SRR12355260

embB_G406A	['EMB']	SRR12355260

rpoB_S450L	['RIF']	SRR12354891

katG_S315T	['INH']	SRR12354891

embB_M306V	['EMB']	SRR12354891

rpoB_S450L	['RIF']	SRR12355018

embB_G406A	['EMB']	SRR12355018

rpoB_S450L	['RIF']	SRR12355158

rpsL_K43R	['STM']	SRR12355158

katG_S315T	['INH']	SRR12355158

embB_M306V	['EMB']	SRR12355158

rpoB_S450L	['RIF']	SRR12354848

katG_S315T	['INH']	SRR12354848

embB_G406D	['EMB']	SRR12354848

rpoB_S450L	['RIF']	SRR12355186

rpsL_K43R	['STM']	SRR12355186

katG_S315T	['INH']	SRR12355186

pncA_H57D	['PZA']	SRR12355063

rpoB_S450W	['RIF']	SRR12354843

rpoB_H445Y	['RIF']	SRR12354884

katG_S315T	['INH']	SRR12354884

embB_Y319S	['EMB']	SRR12354884

rpsL_K43R	['STM']	SRR12354892

katG_S315T	['INH']	SRR12354892

rpsL_K43R	['STM']	SRR12354960

katG_S315T	['INH']	SRR12354960

rpsL_K43R	['STM']	SRR12354876

katG_S315T	['INH']	SRR12354876

rpoB_H445R	['RIF']	SRR12354929

rpoB_S450L	['RIF']	SRR12354990

katG_S315T	['INH']	SRR12354990

rpoB_S450L	['RIF']	SRR12355139

katG_S315T	['INH']	SRR12355139

embB_M306V	['EMB']	SRR12355139

rpoB_S450L	['RIF']	SRR12355143

katG_S315T	['INH']	SRR12355143

embB_M306V	['EMB']	SRR12355143

rpoB_S450L	['RIF']	SRR12355182

katG_S315T	['INH']	SRR12355182

embB_M306V	['EMB']	SRR12355182

rpoB_S450L	['RIF']	SRR12355169

embB_M306V	['EMB']	SRR12354872

embB_Q497R	['EMB']	SRR12354908

embB_D354A	['EMB']	SRR12354979

rpoB_S450L	['RIF']	SRR12355156

katG_S315T	['INH']	SRR12355156

pncA_Q10R	['PZA']	SRR12355156

rpoB_S450L	['RIF']	SRR12355198

rpsL_K43R	['STM']	SRR12355198

katG_S315T	['INH']	SRR12355198

pncA_W68G	['PZA']	SRR12355198

embB_M306I	['EMB']	SRR12355198

rpoB_S450W	['RIF']	SRR12354850

rpsL_K43R	['STM']	SRR12354850

katG_S315T	['INH']	SRR12354850

pncA_H57D	['PZA']	SRR12355056

rpoB_S450L	['RIF']	SRR12355185

rpsL_K43R	['STM']	SRR12355185

katG_S315T	['INH']	SRR12355185

pncA_Y103C	['PZA']	SRR12355185

embB_M306V	['EMB']	SRR12355185

rpoB_D435Y	['RIF']	SRR12355190

katG_S315T	['INH']	SRR12355190

embB_Y319S	['EMB']	SRR12355190

embB_M306I	['EMB']	SRR12354856

rpoB_S450L	['RIF']	SRR12354928

katG_S315T	['INH']	SRR12354928

pncA_Q141P	['PZA']	SRR12354928

rpoB_S450L	['RIF']	SRR12355127

rpsL_K43R	['STM']	SRR12355127

katG_S315T	['INH']	SRR12355127

rpoB_D435Y	['RIF']	SRR12355204

rpsL_K43R	['STM']	SRR12355204

katG_S315T	['INH']	SRR12355204

rpoB_S450L	['RIF']	SRR12355021

rpsL_K43R	['STM']	SRR12355021

katG_S315T	['INH']	SRR12355021

pncA_D63A	['PZA']	SRR12355021

embB_M306V	['EMB']	SRR12355021

rpoB_S450L	['RIF']	SRR12355146

rpsL_K88R	['STM']	SRR12355146

katG_S315T	['INH']	SRR12355146

pncA_L151S	['PZA']	SRR12355146

katG_S315T	['INH']	SRR12354898

rpsL_K43R	['STM']	SRR12354957

rpoB_S450L	['RIF']	SRR12355188

rpsL_K88R	['STM']	SRR12355188

katG_S315T	['INH']	SRR12355188

embB_M306V	['EMB']	SRR12355188

katG_S315T	['INH']	SRR12355255

embB_G406D	['EMB']	SRR12355255

gyrA_D94G	['MXF', 'LEV']	SRR12355208

rpoB_H445D	['RIF']	SRR12354858

rpsL_K43R	['STM']	SRR12354858

katG_S315T	['INH']	SRR12354953

embB_Q497R	['EMB']	SRR12354953

embB_G406A	['EMB']	SRR12354881

pncA_H57D	['PZA']	SRR12355010

rpoB_L452P	['RIF']	SRR12355261

katG_S315T	['INH']	SRR12355261

embB_D354A	['EMB']	SRR12355261

rpoB_D435V	['RIF']	SRR12355147

rpsL_K88R	['STM']	SRR12355147

katG_S315T	['INH']	SRR12355147

pncA_L172P	['PZA']	SRR12355147

embB_M306V	['EMB']	SRR12355147

rpoB_H445Y	['RIF']	SRR12355166

rpoB_S450L	['RIF']	SRR12355134

rpsL_K88R	['STM']	SRR12355134

katG_S315T	['INH']	SRR12355134

rpoB_L430P	['RIF']	SRR12354885

katG_S315T	['INH']	SRR12354885

embB_M306I	['EMB']	SRR12354885

embB_D354A	['EMB']	SRR12354885

rpoB_S450L	['RIF']	SRR12355210

embB_M306V	['EMB']	SRR12355210

rpoB_D435V	['RIF']	SRR12355175

rpsL_K43R	['STM']	SRR12355175

katG_S315T	['INH']	SRR12355175

embB_M306I	['EMB']	SRR12355175

rpoB_S450L	['RIF']	SRR12354888

katG_S315T	['INH']	SRR12354888

embB_M306V	['EMB']	SRR12354888

rpoB_S450L	['RIF']	SRR12354883

katG_S315T	['INH']	SRR12354883

embB_M306L	['EMB']	SRR12354883

rpoB_H445Y	['RIF']	SRR12354869

katG_S315T	['INH']	SRR12354869

rpoB_H445R	['RIF']	SRR12355259

katG_S315N	['INH']	SRR12355259

embB_D354A	['EMB']	SRR12355259

rpoB_L452P	['RIF']	SRR12354918

rpsL_K88R	['STM']	SRR12354918

embB_M306I	['EMB']	SRR12354918

rpsL_K43R	['STM']	SRR12355228

katG_S315T	['INH']	SRR12355228

rpoB_S450L	['RIF']	SRR12354913

embB_Y319C	['EMB']	SRR12354913

katG_S315T	['INH']	SRR12354897

embB_G406C	['EMB']	SRR12354897

rpoB_S450L	['RIF']	SRR12355155

rpsL_K88R	['STM']	SRR12355155

katG_S315T	['INH']	SRR12355155

embB_M306I	['EMB']	SRR12355155

rpoB_S450L	['RIF']	SRR12354847

katG_S315T	['INH']	SRR12354847

embB_M306V	['EMB']	SRR12354847

rpoB_S450L	['RIF']	SRR12354932

katG_S315T	['INH']	SRR12354932

embB_G406D	['EMB']	SRR12354932

katG_S315T	['INH']	SRR12355162

embB_M306V	['EMB']	SRR12355162

rpoB_S450L	['RIF']	SRR12354845

katG_S315T	['INH']	SRR12354845

embB_G406D	['EMB']	SRR12354845

katG_S315T	['INH']	SRR12355013

embB_M306I	['EMB']	SRR12355013

tlyA_N236K	['CAP']	SRR12355067

rpoB_S450L	['RIF']	SRR12354900

katG_S315T	['INH']	SRR12354900

katG_S315N	['INH']	SRR12355002

embB_M306V	['EMB']	SRR12355002

gyrA_S91P	['MXF', 'LEV']	SRR12355133

rpoB_S450L	['RIF']	SRR12355133

rpsL_K43R	['STM']	SRR12355133

katG_S315T	['INH']	SRR12355133

pncA_D8G	['PZA']	SRR12355133

embB_M306I	['EMB']	SRR12355133

rpoB_S450L	['RIF']	SRR12354947

rpoB_S450L	['RIF']	SRR12355229

katG_S315T	['INH']	SRR12355229

rpoB_H445D	['RIF']	SRR12355241

rpoB_D435V	['RIF']	SRR12354901

katG_S315T	['INH']	SRR12354901

embB_G406D	['EMB']	SRR12354901

katG_S315T	['INH']	SRR12354921

rpoB_S450L	['RIF']	SRR12355148

rpsL_K43R	['STM']	SRR12355148

katG_S315T	['INH']	SRR12355148

embB_G406A	['EMB']	SRR12355148

gyrA_D94G	['MXF', 'LEV']	SRR12355173

rpoB_S450L	['RIF']	SRR12355173

rpsL_K88R	['STM']	SRR12355173

katG_S315T	['INH']	SRR12355173

pncA_V139G	['PZA']	SRR12355173

embB_M306V	['EMB']	SRR12355173

rpoB_S450L	['RIF']	SRR12355150

rpsL_K43R	['STM']	SRR12355150

katG_S315T	['INH']	SRR12355150

embB_M306V	['EMB']	SRR12355150

rpoB_S450L	['RIF']	SRR12354879

katG_S315T	['INH']	SRR12354879

pncA_Y103H	['PZA']	SRR12354879

embB_Q497R	['EMB']	SRR12354879

rpoB_S450L	['RIF']	SRR12355102

katG_S315T	['INH']	SRR12355102

embB_M306I	['EMB']	SRR12355102

rpoB_S450L	['RIF']	SRR12354948

katG_S315T	['INH']	SRR12354948

embB_M306V	['EMB']	SRR12354948

katG_S315T	['INH']	SRR12354944

